Page,Codename,URL,"Total Interactions",Likes,Comments,Shares,"Owned Post Views","Owned Views from Shares","Owned Total Views","Percentage Views from Owned Posts","Views on Shared Posts","Views While Live","Video Time","3-Min+ Videos",Loves,Wows,Hahas,Sads,Angrys,"All Interaction Rate",Photos,Links,Statuses,"Facebook Videos","Other Videos","Total Posts","Photo Posts","Link Posts","Status Posts","Owned Video Posts","Shared Video Posts","Other Video Posts","Posts Per Day","Page Likes","Page Growth","Page Growth %"
"El Universal Online",ElUniversalOnline,http://www.facebook.com/54013055680,"86,130,280","28,764,112","6,316,869","21,933,730","87,637,659","21,313,973","108,951,632",80%,"15,419,565.00","6,664,656",30:34:56,135,"4,861,282","4,413,789","9,910,856","2,824,924","7,104,718",0.07%,0.02%,0.07%,0.01%,0.04%,0.13%,30408,1584,26398,1,1469,953,3,83.31,"4,426,844","390,104.00",9.66%
"Cultura Colectiva",CulturaColectiv,http://www.facebook.com/631575563520028,"70,641,404","28,035,373","4,484,194","22,982,382","639,478,157","261,462,662","900,940,819",71%,"30,501,922.00","73,209",145:46:50,"2,211","6,882,187","2,915,537","3,018,794","1,685,102","637,835",0.01%,0.02%,0.01%,0.00%,0.03%,0.00%,23460,539,19185,28,3369,336,3,64.27,"23,568,583","191,018.00",0.82%
"Noticieros Televisa",NoticierosTelevisacom,http://www.facebook.com/105624182802445,"56,359,304","21,705,139","4,383,683","16,074,323","928,386,693","146,287,756","1,074,674,449",86%,"74,176,927.00","37,075,701",974:32:52,"6,163","2,417,814","3,402,833","3,449,634","1,991,035","2,934,843",0.01%,0.01%,0.01%,0.00%,0.01%,0.00%,75270,1525,47622,48,22867,3185,23,206.22,"6,957,444","725,785.00",11.65%
sdpnoticias,sdpnoticias,http://www.facebook.com/107178335973554,"55,277,350","18,254,093","4,723,453","11,219,609","78,731,074","27,668,547","106,399,621",74%,"6,548,070.00","669,083",64:41:13,431,"2,427,993","2,925,838","10,692,205","1,816,610","3,217,549",0.04%,0.04%,0.04%,0.01%,0.05%,0.00%,26458,240,24880,4,1202,131,1,72.49,"5,074,161","141,499.00",2.87%
"Azteca Noticias",AztecaNoticias,http://www.facebook.com/110966012298406,"46,485,710","17,757,114","2,576,480","14,204,320","961,262,136","292,857,790","1,254,119,926",77%,"10,270,604.00","3,124,631",387:56:27,"2,013","2,836,235","3,205,476","2,021,287","1,514,332","2,370,466",0.02%,0.02%,0.01%,0.00%,0.03%,0.00%,30463,2450,16002,17,11523,463,8,83.46,"8,100,650","903,630.00",12.56%
"El Deforma",Eldeforma,http://www.facebook.com/174058432636166,"43,200,189","7,355,494","1,952,745","11,053,322","107,318,384","72,384,144","179,702,528",60%,"903,756.00","81,661",09:50:29,38,"1,313,640","598,720","20,115,804","569,771","240,693",0.13%,0.26%,0.11%,0.05%,0.45%,--,8114,253,7507,31,303,20,0,22.23,"4,539,610","579,410.00",14.63%
"El País",elpais,http://www.facebook.com/8585811569,"41,434,077","14,646,691","3,033,390","13,289,597","148,770,722","75,770,561","224,541,283",66%,"1,945,298.00","18,010,273",42:58:43,266,"2,383,737","1,375,943","1,417,088","2,288,605","2,999,026",0.04%,0.02%,0.03%,0.01%,0.09%,0.01%,24627,118,22509,13,1869,72,46,67.47,"4,910,709","433,844.00",9.69%
"Periódico El Debate",periodicoeldebate,http://www.facebook.com/154988570902,"39,274,841","14,177,511","2,434,073","11,445,110","102,097,385","29,697,720","131,795,105",77%,"788,924.00","12,873,279",26:52:56,328,"1,139,362","2,834,844","1,625,270","2,657,430","2,961,241",0.03%,0.05%,0.03%,0.02%,0.05%,--,22884,406,21017,15,1405,41,0,62.70,"5,396,804","77,936.00",1.47%
"Aristegui Noticias",AristeguiOnline,http://www.facebook.com/183919588401049,"38,886,390","15,851,864","3,926,141","6,870,638","20,176,257","2,335,983","22,512,240",90%,"1,380,498.00","3,050,963",03:42:56,3,"1,748,914","1,419,162","4,820,724","691,523","3,557,424",0.01%,0.01%,0.02%,0.00%,0.02%,--,36947,14967,21148,387,436,9,0,101.22,"7,654,122","-7,412.00",-0.10%
"Revista Proceso",revistaproceso,http://www.facebook.com/153094742922,"36,973,588","13,820,947","2,982,923","9,560,828","19,168,698","9,081,697","28,250,395",68%,"1,951,037.00","262,464",37:08:13,178,"1,351,162","1,203,755","4,120,177","610,217","3,323,579",0.04%,0.03%,0.04%,0.02%,0.10%,0.02%,21171,469,20255,60,286,100,1,58.00,"4,779,244","6,762.00",0.14%
"Forbes México",ForbesMexico,http://www.facebook.com/301003216667425,"28,458,922","10,309,068","1,797,068","7,591,541","14,556,230","7,198,591","21,754,821",67%,"625,736.00","884,601",12:30:21,99,"1,893,316","1,433,854","2,948,537","825,654","1,659,884",0.09%,0.05%,0.09%,0.07%,0.07%,0.01%,14262,182,13650,4,385,40,1,39.07,"2,374,546","243,752.00",11.44%
MILENIO,MilenioDiario,http://www.facebook.com/49729693499,"28,088,439","9,398,162","2,250,218","7,798,670","28,842,256","15,927,786","44,770,042",64%,"2,451,493.00","3,562,902",44:36:09,272,"1,515,322","1,479,233","3,415,366","745,318","1,486,150",0.05%,0.02%,0.06%,0.11%,0.06%,0.00%,35202,1063,32364,70,1406,281,18,96.44,"1,596,462","247,792.00",18.37%
"Imagen Televisión",ImagenTVMex,http://www.facebook.com/1310056059008492,"27,026,150","8,897,332","2,062,390","8,897,263","453,427,387","129,275,436","582,702,823",78%,"33,765,310.00","10,892,068",1319:02:24,"8,018","1,331,619","1,412,127","2,548,761","725,790","1,150,868",0.02%,0.00%,0.04%,0.00%,0.02%,0.00%,50023,1407,14924,14,28898,4525,255,137.05,"2,619,107","566,592.00",27.60%
excelsior.com.mx,ExcelsiorMex,http://www.facebook.com/274065655968965,"23,022,961","6,641,018","1,460,368","7,833,251","34,611,060","19,505,180","54,116,240",64%,"598,550.00","4,377,399",62:03:46,378,"1,187,398","1,234,272","2,105,140","768,226","1,793,288",0.04%,0.02%,0.04%,0.03%,0.03%,--,36062,1770,31399,9,2789,95,0,98.80,"1,669,480","283,555.00",20.46%
"Sin Embargo MX",SinEmbargoMX,http://www.facebook.com/185881304777802,"22,956,865","7,033,666","1,342,578","7,248,239","1,085,784","223,199","1,308,983",83%,"88,886.00",0,04:31:08,7,"1,102,622","785,710","2,083,069","724,211","2,636,770",0.04%,0.01%,0.04%,0.01%,0.02%,--,32885,2212,30461,8,179,25,0,90.10,"1,681,390","36,316.00",2.21%
"La Jornada",lajornadaonline,http://www.facebook.com/8039493705,"19,776,094","7,227,596","1,495,986","5,912,858","20,317,079","19,723,904","40,040,983",51%,"1,521,433.00","244,722",17:40:11,71,"881,044","645,213","1,720,015","461,736","1,431,646",0.02%,0.02%,0.02%,0.01%,0.09%,0.01%,26976,5632,19822,7,549,94,872,73.91,"3,053,334","128,356.00",4.39%
"EL FINANCIERO",ElFinancieroMx,http://www.facebook.com/16250043914,"19,014,006","6,844,644","1,448,430","5,121,150","16,704,688","6,995,020","23,699,708",70%,"597,693.00","2,500,017",63:39:59,273,"1,004,135","766,045","2,378,280","411,911","1,039,411",0.08%,0.05%,0.08%,0.01%,0.05%,--,13607,616,12122,7,816,46,0,37.28,"1,867,339","193,572.00",11.57%
Soy502,soy502,http://www.facebook.com/531132203602321,"18,281,093","8,650,902","1,768,835","2,409,821","29,866,719","3,947,021","33,813,740",88%,"28,291.00","2,358,004",56:10:31,252,"852,117","889,763","1,774,061","575,425","1,360,169",0.05%,0.04%,0.05%,0.01%,0.04%,--,16036,575,14445,15,999,2,0,43.93,"2,348,280","28,154.00",1.21%
crhoy.com,crhoy.comnoticias,http://www.facebook.com/265769886798719,"17,933,411","6,860,995","2,745,639","2,467,817","20,714,466","2,575,988","23,290,454",89%,"142,901.00","6,225,222",40:42:23,67,"935,283","720,139","1,520,192","782,452","1,900,894",0.07%,0.03%,0.07%,0.00%,0.04%,0.00%,22872,353,20798,36,1658,23,4,62.66,"1,159,233","45,195.00",4.06%
FOROtv,FOROtv,http://www.facebook.com/272517432911,"17,709,890","5,592,452","1,752,489","5,558,060","133,384,916","64,111,764","197,496,680",68%,"22,928,404.00","11,310,233",685:21:56,"4,141","775,674","1,052,205","1,309,853","598,558","1,070,599",0.02%,0.01%,0.02%,0.01%,0.03%,0.00%,59167,1490,43538,40,10656,3419,24,162.10,"1,575,174","276,299.00",21.27%
"Publimetro México",publimetromx,http://www.facebook.com/111367450125,"15,934,098","4,934,727","991,380","4,744,032","197,152,748","74,927,230","272,079,978",72%,"3,221,953.00","2,494,956",52:07:31,77,"1,357,419","864,760","1,798,648","541,993","701,139",0.03%,0.02%,0.02%,0.01%,0.08%,--,16686,667,12839,11,2757,412,0,45.72,"3,261,050","545,354.00",20.08%
"Prensa Libre",prensalibregt,http://www.facebook.com/345419408148,"15,832,818","7,480,183","1,835,953","2,245,898","22,574,335","5,348,697","27,923,032",81%,"3,712,643.00","5,882,527",17:23:17,39,"651,467","707,855","1,057,559","684,461","1,169,442",0.03%,0.02%,0.03%,0.01%,0.06%,0.00%,20296,1792,17730,6,603,163,2,55.61,"2,770,191","97,035.00",3.63%
"Imagen Noticias",ImagenTVNoticia,http://www.facebook.com/543297035830962,"15,341,978","5,070,960","1,138,907","4,955,415","383,314,151","117,621,247","500,935,398",77%,"641,335.00","4,251,660",856:57:18,"5,232","979,067","695,128","1,012,148","590,328","900,025",0.05%,0.01%,0.06%,0.01%,0.05%,0.00%,23230,326,4015,6,18674,151,58,63.64,"1,707,721","541,193.00",46.39%
Chilango,ChilangoOficial,http://www.facebook.com/118426734898659,"14,989,078","5,571,249","1,171,422","4,425,045","14,286,676","2,605,762","16,892,438",85%,"67,282.00","125,107",16:34:58,70,"1,223,676","1,009,491","692,006","315,877","580,312",0.07%,0.10%,0.07%,0.01%,0.05%,0.00%,12581,150,11930,4,487,6,4,34.47,"1,930,799","243,714.00",14.45%
"La Prensa",laprensanicaragua,http://www.facebook.com/331753224789,"13,741,572","5,076,336","1,025,337","4,070,880","25,026,456","11,957,954","36,984,410",68%,"83,812.00","2,938,842",13:23:06,68,"707,603","334,875","633,146","849,912","1,043,483",0.06%,0.07%,0.05%,0.07%,0.17%,--,17590,1322,15387,9,866,6,0,48.19,"1,398,197","51,899.00",3.85%
Sopitas,sopitas,http://www.facebook.com/114385191920550,"12,565,324","3,692,936","923,547","2,766,262","35,233,607","20,088,521","55,322,128",64%,"681,476.00","114,855",16:02:35,88,"1,163,138","710,116","2,131,428","522,180","655,717",0.06%,0.06%,0.06%,0.03%,0.10%,0.00%,13230,1188,11222,22,705,72,21,36.25,"1,642,137","51,345.00",3.23%
Brozo,BrozoOficial,http://www.facebook.com/563777887007173,"12,469,431","4,535,153","1,195,047","3,472,689","23,424,821","3,410,973","26,835,794",87%,"5,108,862.00",0,10:54:50,13,"268,142","309,327","1,132,870","87,915","1,468,288",0.07%,0.07%,0.07%,0.08%,0.07%,0.02%,4668,16,3963,84,327,171,107,12.79,"3,903,819","-12,730.00",-0.33%
"AJ+ Español",ajplusespanol,http://www.facebook.com/879771572075193,"12,257,290","2,987,637","433,958","6,509,260","169,510,860","158,976,332","328,487,192",52%,"11,295,474.00","451,227",50:52:17,245,"964,532","238,478","214,069","465,325","444,031",0.18%,0.02%,0.02%,0.01%,0.22%,--,1796,39,77,1,1456,223,0,4.92,"3,831,626","247,936.00",6.92%
bbmundo,bbmundo,http://www.facebook.com/206610795539,"11,707,334","2,560,011","658,121","5,526,803","82,898,846","107,992,531","190,891,377",43%,"7,736,659.00","204,345",07:27:08,39,"1,200,700","177,816","1,434,179","128,783","20,921",0.11%,0.11%,0.03%,0.01%,0.63%,0.01%,3804,1141,2115,18,361,142,27,10.42,"3,012,536","455,088.00",17.79%
Pictoline,pictoline,http://www.facebook.com/1598399590419180,"10,700,027","3,378,773","308,318","3,988,148","5,347,341","4,639,453","9,986,794",54%,0.00,0,00:34:19,0,"1,562,676","310,623","472,900","590,293","88,296",0.56%,0.58%,--,--,0.35%,--,614,547,0,0,67,0,0,1.68,"3,222,852","237,019.00",7.94%
"Cultura Colectiva News",culturacolectivanews,http://www.facebook.com/1821141498113943,"9,646,320","2,523,057","356,974","4,244,011","55,011,251","39,268,195","94,279,446",58%,"37,210.00","167,451",74:41:20,"1,014","574,600","512,284","485,401","383,912","566,081",0.02%,0.02%,0.02%,0.00%,0.04%,0.00%,16066,720,13257,9,2062,17,1,44.02,"3,331,495","104,954.00",3.25%
Nación321,Nacion321,http://www.facebook.com/605212986321028,"9,156,266","3,502,140","679,319","2,670,018","26,800,890","23,243,098","50,043,988",54%,"1,991,645.00","344,356",41:13:44,301,"668,026","182,055","1,070,382","69,880","314,446",0.16%,0.07%,0.15%,0.03%,0.43%,0.02%,9608,578,7908,4,726,388,4,26.32,"624,290","79,574.00",14.61%
nacion.com,lanacioncr,http://www.facebook.com/115872105050,"8,003,568","3,531,071","1,072,497","1,107,077","17,518,817","3,380,967","20,899,784",84%,"15,028.00","1,367,499",75:22:08,361,"613,477","222,295","537,999","270,881","648,271",0.04%,0.04%,0.04%,0.01%,0.06%,--,24515,772,22505,74,1161,3,0,67.16,"804,833","11,145.00",1.40%
"Cultura Colectiva +",culturacolectivaplus,http://www.facebook.com/1381450335205759,"7,885,088","2,249,828","542,166","3,895,082","118,350,750","163,720,885","282,071,635",42%,"6,869,080.00",0,93:25:44,"1,310","623,514","219,734","94,874","167,084","92,806",0.02%,0.01%,0.00%,0.00%,0.07%,--,14179,392,10793,32,2560,402,0,38.85,"3,731,173","617,345.00",19.83%
"24 Horas. El Diario sin Límites",Diario24Horas,http://www.facebook.com/209428235768912,"7,550,639","2,052,683","566,477","2,308,184","12,302,805","2,689,046","14,991,851",82%,"72,424.00","527,379",55:54:18,399,"390,413","382,375","978,890","273,606","598,011",0.01%,0.00%,0.01%,0.01%,0.00%,0.00%,38651,3296,32816,83,2442,12,2,105.89,"2,392,943","-7,804.00",-0.33%
"Plano Informativo",PlanoInformativo,http://www.facebook.com/166740548951,"7,477,099","2,274,072","631,837","1,542,085","47,726,792","18,511,106","66,237,898",72%,"1,180,427.00","948,993",55:59:25,243,"604,376","614,339","984,248","370,842","455,300",0.03%,0.03%,0.01%,0.00%,0.10%,0.00%,22768,19715,568,557,1692,185,51,62.38,"1,022,484","137,668.00",15.56%
"Radio Fórmula",RadioFormulaMX,http://www.facebook.com/119863604717292,"7,195,537","2,165,452","932,732","1,743,890","18,440,036","3,765,681","22,205,717",83%,"4,230.00","1,662,458",92:03:30,103,"308,811","361,085","931,218","215,382","536,967",0.04%,0.01%,0.03%,0.00%,0.13%,--,24210,263,22838,17,1089,3,0,66.33,"816,004","76,632.00",10.36%
"El Informador",elinformador,http://www.facebook.com/115103408384,"6,359,328","2,323,247","577,956","1,247,628","6,436,417","2,888,439","9,324,856",69%,"189,672.00","428,870",29:57:38,343,"318,950","399,192","708,979","276,333","507,043",0.06%,0.02%,0.06%,0.00%,0.03%,0.00%,11344,376,10092,1,809,63,3,31.08,"997,537","29,732.00",3.07%
Político.mx,PoliticoMX,http://www.facebook.com/1522195418029530,"6,284,432","2,256,530","853,008","1,583,621","13,336,240","7,115,800","20,452,040",65%,"563,008.00","4,242",64:33:33,241,"293,182","83,695","882,170","21,295","310,931",0.04%,0.01%,0.04%,0.02%,0.05%,--,31523,2854,24808,31,3493,337,0,86.36,"585,746","176,699.00",43.20%
"Yahoo México",YahooMexico,http://www.facebook.com/107143776010250,"6,191,391","2,119,891","482,113","1,450,066","8,513,365","1,270,263","9,783,628",87%,"839,490.00",0,03:24:11,8,"339,586","346,251","760,461","228,447","464,576",0.01%,0.00%,0.01%,0.00%,0.04%,--,18841,277,18296,4,133,131,0,51.62,"3,655,300","-69,862.00",-1.88%
"Periódico AM León",leonperiodicoam,http://www.facebook.com/253267514470,"6,119,765","2,305,884","506,514","1,339,851","15,105,429","4,375,153","19,480,582",78%,"369,422.00","2,448,703",09:51:17,47,"228,416","469,477","424,644","318,275","526,704",0.08%,0.04%,0.08%,0.04%,0.08%,0.00%,17183,718,15094,13,1257,100,1,47.08,"519,610","108,850.00",26.50%
"Diario de Yucatán",DiariodeYucatan,http://www.facebook.com/124133244300592,"6,008,880","1,950,906","497,561","1,729,333","13,730,013","2,615,196","16,345,209",84%,"46,446.00","598,287",29:34:20,144,"271,000","512,291","400,556","302,718","344,515",0.12%,0.03%,0.14%,0.04%,0.06%,0.11%,10680,1220,8025,57,1363,11,4,29.26,"504,312","46,382.00",10.13%
"Animal Político",pajaropolitico,http://www.facebook.com/215547488473853,"5,945,226","1,907,858","406,429","1,697,438","2,310,888","1,103,342","3,414,230",68%,"690,584.00","47,976",07:00:47,44,"272,230","189,026","613,637","169,599","689,009",0.06%,0.02%,0.06%,0.02%,0.04%,0.00%,7512,138,7080,1,221,70,2,20.58,"1,357,706","33,794.00",2.55%
"EL IMPARCIAL",elimparcialcom,http://www.facebook.com/174347282356,"5,721,700","2,193,910","712,125","1,365,173","58,881,246","11,565,383","70,446,629",84%,"1,625,828.00","6,056,119",53:12:15,390,"221,962","384,043","287,509","268,730","288,248",0.05%,0.04%,0.05%,0.05%,0.05%,--,15202,1165,9871,21,3914,231,0,41.65,"851,022","191,653.00",29.07%
"Plumas Atómicas",Plumasatomicas,http://www.facebook.com/1389637781297509,"5,152,213","1,301,068","336,592","2,140,404","49,713,980","71,170,938","120,884,918",41%,"1,146,345.00","580,495",75:15:45,492,"369,235","118,519","396,175","124,335","365,885",0.11%,0.06%,0.08%,0.00%,0.21%,0.01%,7320,480,4446,9,2025,356,4,20.05,"702,084","129,352.00",22.59%
"El Economista",ElEconomista.mx,http://www.facebook.com/127336447321880,"4,814,989","1,791,142","379,990","1,260,692","2,776,948","669,292","3,446,240",81%,"12,137.00","144,174",11:25:40,20,"215,147","160,166","637,532","92,708","277,612",0.04%,0.04%,0.04%,0.01%,0.02%,0.01%,12023,1535,9908,4,564,8,4,32.94,"1,071,361","68,839.00",6.87%
MVSNoticias,MVSNoticias,http://www.facebook.com/163465747027375,"4,791,758","1,787,751","557,131","1,038,616","20,780,617","4,559,108","25,339,725",82%,"2,225,006.00","1,274,644",58:49:22,185,"204,171","196,426","579,896","95,091","332,676",0.01%,0.02%,0.01%,0.01%,0.01%,0.00%,23621,589,18514,196,3907,410,5,64.72,"1,717,978","9,399.00",0.55%
Expansión,ExpansionMex,http://www.facebook.com/111658075531636,"4,630,736","2,052,908","363,697","1,016,165","17,922,605","1,389,408","19,312,013",93%,"57,193.00","943,134",20:12:06,104,"272,234","222,322","400,415","75,410","227,585",0.02%,0.01%,0.02%,0.03%,0.02%,0.00%,12774,512,11459,30,743,11,19,35.00,"2,149,646","-10,874.00",-0.50%
"El Heraldo de México",elheraldomexico,http://www.facebook.com/211358622680390,"4,482,262","1,555,170","504,755","1,327,873","27,356,075","9,140,106","36,496,181",75%,"1,421.00","2,927,321",79:07:50,170,"232,830","182,898","338,256","107,097","233,383",0.05%,0.08%,0.05%,0.00%,0.04%,0.01%,34668,1907,23901,51,8709,6,94,94.98,"321,575","99,518.00",44.82%
reforma.com,reforma,http://www.facebook.com/62398583826,"4,234,774","1,182,545","645,111","1,014,647","2,823,470","1,458,280","4,281,750",66%,"134,181.00","377,716",13:41:59,122,"143,695","95,355","665,189","48,739","439,493",0.04%,0.02%,0.04%,0.00%,0.04%,0.01%,10532,762,9049,2,462,48,209,28.85,"998,118","36,273.00",3.77%
"Milenio Televisión",mileniotelevision,http://www.facebook.com/303520409197,"4,083,538","1,172,678","732,782","1,287,165","64,285,016","38,223,489","102,508,505",63%,"1,704,435.00","7,334,069",263:31:25,"2,154","144,828","151,767","276,671","82,062","235,585",0.04%,0.02%,0.04%,0.01%,0.04%,0.00%,15145,103,6870,14,7858,290,10,41.49,"755,788","162,808.00",27.46%
UnoNoticias,UnoTVNoticias,http://www.facebook.com/148786388488561,"4,030,367","1,530,546","302,079","1,093,005","25,970,962","5,875,910","31,846,872",82%,"149,090.00","228,185",56:56:06,176,"174,967","233,163","251,163","156,780","288,664",0.02%,0.01%,0.02%,0.00%,0.02%,0.00%,11293,258,9065,2,1949,16,3,30.94,"1,769,242","123,007.00",7.47%
"VICE en Español",viceenespanol,http://www.facebook.com/1563963870531978,"3,327,523","1,241,464","202,732","863,839","43,936,281","12,858,032","56,794,313",77%,823.00,0,17:57:42,106,"307,419","131,204","468,306","63,035","49,524",0.05%,0.02%,0.05%,0.01%,0.21%,0.01%,4387,135,3918,52,280,1,1,12.02,"1,902,087","953,819.00",100.59%
"La Voz de la Frontera",lavozdelafrontera,http://www.facebook.com/172566056100522,"3,306,513","1,383,490","282,157","730,332","21,037,519","5,991,775","27,029,294",78%,"371,590.00","1,115,685",27:00:24,88,"184,135","288,767","179,426","142,801","115,405",0.07%,0.04%,0.07%,0.02%,0.13%,0.00%,23234,2930,17822,288,2061,121,12,63.65,"231,228","50,976.00",28.28%
"Hoy Estado de México",HoyEstado,http://www.facebook.com/182551678518308,"3,269,493","1,057,395","182,022","1,048,243","3,525,183","3,054,284","6,579,467",54%,"25,099.00","281,575",02:57:02,17,"87,744","264,465","224,846","101,903","302,875",0.07%,0.04%,0.07%,0.04%,0.14%,0.08%,9839,103,9224,19,255,21,201,26.96,"492,419","27,442.00",5.90%
"La Teja",latejaoficial,http://www.facebook.com/439253709502387,"3,047,157","1,143,807","521,070","485,999","2,689,009","581,191","3,270,200",82%,0.00,"416,829",14:49:43,76,"136,270","113,999","381,222","145,710","119,080",0.06%,0.04%,0.07%,0.01%,0.07%,--,15994,8696,6861,28,409,0,0,43.82,"358,356","40,981.00",12.91%
"Periódico Zócalo",PeriodicoZocalo,http://www.facebook.com/59601464955,"3,023,168","1,075,095","238,368","766,496","13,212,056","4,819,424","18,031,480",73%,"3,669,865.00","1,834,135",10:06:02,33,"104,860","278,417","218,507","181,986","159,439",0.01%,0.00%,0.01%,0.00%,0.03%,--,53285,4872,44309,37,2573,1494,0,145.99,"595,340","53,431.00",9.86%
"W Radio",wradiomx,http://www.facebook.com/296730648408,"2,618,652","729,601","130,517","1,283,875","14,375,258","5,438,897","19,814,155",73%,"296,032.00","1,303,105",16:34:53,30,"121,534","127,684","104,942","61,238","59,261",0.03%,0.01%,0.04%,0.00%,0.03%,0.00%,15979,1440,11968,16,2252,268,35,43.78,"525,054","68,806.00",15.08%
"Cultura Colectiva Lifestyle",culturacolectivalifestyle,http://www.facebook.com/553067331536210,"2,519,449","1,000,981","155,010","882,439","38,240,513","17,155,725","55,396,238",69%,"147,048.00",0,43:44:17,680,"267,099","80,552","84,846","37,854","10,668",0.01%,0.01%,0.01%,0.00%,0.03%,--,7392,374,5730,70,1175,43,0,20.25,"3,407,092","64,746.00",1.94%
"Cultura Colectiva Historia",culturacolectivahistoria,http://www.facebook.com/765788450232703,"2,362,217","720,619","54,986","1,272,855","27,935,338","20,324,161","48,259,499",58%,"56,995.00",0,22:00:18,342,"137,823","84,694","24,845","40,942","25,453",0.10%,0.02%,0.03%,0.01%,0.37%,--,2652,112,1970,21,531,18,0,7.27,"994,022","182,467.00",22.48%
ELNORTE.COM,elnortecom,http://www.facebook.com/299966159738,"2,346,026","904,817","315,947","410,145","14,750,901","5,560,583","20,311,484",73%,"971,402.00","1,262,520",14:47:53,132,"170,119","118,139","190,818","87,774","148,267",0.05%,0.14%,0.04%,0.04%,0.07%,0.02%,4925,495,3303,19,810,146,152,13.49,"934,914","36,958.00",4.12%
VANGUARDIA,VanguardiaMx,http://www.facebook.com/17853721002,"2,181,875","714,926","210,192","567,890","4,490,585","1,323,917","5,814,502",77%,"196,864.00","661,184",12:20:37,92,"102,344","150,723","213,565","97,426","124,809",0.03%,0.01%,0.03%,0.01%,0.06%,0.00%,24271,505,22630,217,815,98,6,66.50,"286,199","31,149.00",12.21%
"Vogue México y Latinoamérica",VogueMexicoLatinoamerica,http://www.facebook.com/114634845223277,"2,072,793","990,802","89,455","520,319","3,540,720","2,335,342","5,876,062",60%,"18,347.00","22,206",02:16:23,11,"355,769","52,164","27,736","32,356","4,192",0.01%,0.03%,0.01%,0.01%,0.05%,0.00%,9374,763,8417,11,169,8,6,25.68,"2,190,062","111,945.00",5.39%
SopitasFM,SopitasFM,http://www.facebook.com/449479155092764,"2,039,434","758,749","121,481","408,485","7,029,923","2,459,181","9,489,104",74%,"22,491.00","2,601",09:37:07,58,"409,440","109,723","147,818","67,014","16,724",0.09%,0.10%,0.07%,0.04%,0.30%,--,7432,545,6558,1,310,18,0,20.36,"326,838","18,218.00",5.90%
"Sopitas Deportes",sopitasdeportes,http://www.facebook.com/329073640582794,"1,824,821","615,225","52,205","596,148","24,156,324","11,935,804","36,092,128",67%,477.00,0,01:44:15,3,"54,110","190,917","292,837","15,841","7,538",0.15%,0.03%,0.04%,0.05%,7.33%,--,8916,1856,6912,4,142,2,0,24.43,"145,880","22,185.00",17.94%
"El Imparcial de Oaxaca",imparcialoaxaca,http://www.facebook.com/258430140834731,"1,745,248","616,496","144,330","515,665","17,180,139","7,127,715","24,307,854",71%,"1,743,090.00","999,520",46:58:52,220,"145,133","87,255","96,743","50,005","89,621",0.03%,0.04%,0.02%,0.02%,0.07%,0.01%,11038,1311,7642,7,1734,341,3,30.24,"596,187","27,908.00",4.91%
"Milenio Tamaulipas",MilenioTamaulipas,http://www.facebook.com/227796447316928,"1,728,172","729,574","107,912","425,066","2,274,105","524,980","2,799,085",81%,"676,762.00","4,856",03:57:36,11,"77,245","151,882","113,409","67,036","56,048",0.03%,0.00%,0.03%,0.32%,0.40%,0.00%,16306,981,14752,11,138,423,1,44.67,"324,740","10,042.00",3.19%
"Cultura Colectiva Arte",culturacolectivaarte,http://www.facebook.com/560941557397225,"1,718,984","578,127","40,804","906,548","8,574,161","12,863,937","21,438,098",40%,"8,675.00",0,13:00:44,212,"141,513","35,023","9,527","6,337","1,105",0.04%,0.03%,0.02%,0.01%,0.18%,--,2452,189,1925,25,306,7,0,6.72,"1,691,924","114,305.00",7.25%
"Noticias Mex",RepublicaMXEnLinea,http://www.facebook.com/125784487439635,"1,687,810","337,876","202,234","747,444","14,414,546","10,141,284","24,555,830",59%,"612,798.00","9,263",13:33:36,91,"45,642","25,132","263,967","8,586","56,929",0.05%,0.13%,0.01%,0.12%,0.46%,0.01%,4974,523,4007,110,265,65,4,13.63,"687,449","34,447.00",5.28%
Quién,quiencom,http://www.facebook.com/114459455299316,"1,601,606","829,698","108,687","238,412","19,029,890","3,472,803","22,502,693",85%,"3,259.00","125,998",05:50:37,26,"202,767","64,707","90,552","45,512","21,271",0.03%,0.05%,0.02%,0.01%,0.17%,0.00%,8508,626,7493,3,373,8,5,23.31,"758,379","21,600.00",2.93%
Parentesis.com,parentesis,http://www.facebook.com/159509453662,"1,495,130","588,300","99,636","265,479","9,647,620","1,207,141","10,854,761",89%,"5,150.00","83,512",38:45:19,230,"106,886","81,241","318,346","24,442","10,800",0.02%,0.04%,0.01%,0.00%,0.04%,0.00%,6351,902,5127,1,313,7,1,17.40,"1,278,892","-8,098.00",-0.63%
"GQ México",GQMexicoLatinoamerica,http://www.facebook.com/226955241880,"1,428,777","727,352","88,701","300,626","2,490,129","54,783","2,544,912",98%,"145,842.00",468,03:17:40,5,"107,147","57,155","117,510","18,715","11,571",0.01%,0.03%,0.01%,0.01%,0.01%,0.00%,10541,443,9828,15,219,35,1,28.88,"943,195","2,918.00",0.31%
"Cultura Colectiva Cine",culturacolectivacine,http://www.facebook.com/421303551395816,"1,357,453","506,742","42,028","532,475","9,862,533","8,335,302","18,197,835",54%,"56,538.00",0,12:02:28,178,"228,697","24,696","13,276","8,249","1,290",0.05%,0.01%,0.02%,0.01%,0.52%,0.01%,5038,173,4412,42,338,47,26,13.80,"587,017","73,373.00",14.28%
"Dinero en Imagen",DineroEnImagen,http://www.facebook.com/338366906234615,"1,251,392","530,254","69,431","405,969","75,883","31,522","107,405",71%,"35,268.00","24,624",01:53:46,11,"43,423","66,645","90,505","16,669","28,496",0.06%,0.01%,0.06%,0.01%,0.01%,0.00%,7444,81,7203,3,82,74,1,20.39,"282,066","20,864.00",7.99%
"Cultura Colectiva Música",culturacolectivamusica,http://www.facebook.com/722378527868160,"1,243,354","495,372","46,052","386,669","8,912,442","5,370,789","14,283,231",62%,"163,014.00","4,819",16:40:23,179,"210,591","27,003","44,101","30,614","2,952",0.01%,0.01%,0.01%,0.01%,0.05%,0.00%,4814,419,3600,45,523,57,170,13.19,"1,999,490","51,823.00",2.66%
Tododeportes,TodoDeportespl,http://www.facebook.com/596280283725608,"1,156,096","857,513","74,866","62,627","1,361,743","1,782,150","3,143,893",43%,"53,730.00","235,124",00:44:13,4,"43,571","15,728","77,035","11,445","13,311",0.09%,0.03%,0.09%,0.07%,0.17%,0.01%,5566,464,4939,6,141,14,2,15.25,"238,625","13,312.00",5.91%
"Periódico a.m. Querétaro",PeriodicoAmQueretaro,http://www.facebook.com/142343069226099,"1,133,103","468,414","125,287","243,738","6,505,487","656,997","7,162,484",91%,"77,034.00","64,526",22:38:27,65,"56,386","49,996","106,220","23,715","59,347",0.01%,0.01%,0.02%,0.02%,0.02%,0.00%,12196,3978,7180,22,928,85,3,33.41,"679,398","101,481.00",17.56%
Nómada,nomadagt,http://www.facebook.com/463999707043103,"1,081,941","355,320","85,703","370,422","498,800","296,019","794,819",63%,"11,911.00","68,587",01:45:40,12,"27,916","29,264","48,347","25,501","139,468",0.22%,0.24%,0.21%,0.15%,0.30%,--,2966,167,2691,7,95,6,0,8.13,"171,697","10,420.00",6.46%
"Diario De Xalapa",OEMDiariodeXalapa,http://www.facebook.com/825698354190421,"1,080,379","420,097","47,151","338,102","646,092","334,721","980,813",66%,"36,408.00","31,026",03:29:37,2,"20,180","109,296","46,698","56,750","42,105",0.05%,0.02%,0.05%,0.03%,0.09%,0.00%,26167,455,25165,10,345,170,22,71.69,"91,215","22,746.00",33.22%
"Cultura Colectiva Comida",culturacolectivacomida,http://www.facebook.com/224067067952809,"1,074,001","562,139","47,108","337,110","28,554,245","6,140,066","34,694,311",82%,"7,844.00",0,15:27:50,219,"92,230","27,969","5,370","1,124",951,0.14%,0.01%,0.00%,0.01%,0.52%,--,1241,31,871,4,325,10,0,3.40,"685,865","127,719.00",22.88%
"Leones de Yucatán",leonesdeyucatan,http://www.facebook.com/334079214498,"957,025","530,636","114,592","118,558","2,654,185","579,295","3,233,480",82%,"68,994.00","1,784,210",03:13:36,6,"142,665","11,056","18,339","13,039","8,140",0.17%,0.17%,0.17%,0.15%,0.19%,0.02%,2406,1585,370,10,420,20,1,6.59,"236,372","15,859.00",7.19%
"Glamour México y Latinoamérica",GlamourMexicoLatinoamerica,http://www.facebook.com/169452849771461,"860,654","426,981","52,898","178,234","6,138,675","1,341,711","7,480,386",82%,"113,800.00","1,204",06:45:29,30,"98,712","24,564","62,502","12,779","3,984",0.00%,0.02%,0.00%,0.01%,0.02%,0.00%,12623,490,11535,135,443,19,1,34.58,"1,582,108","-2,325.00",-0.15%
"Periódico HOY",periodicohoy,http://www.facebook.com/316762933316,"825,263","323,547","53,393","176,580","217,298","27,827","245,125",89%,"102,247.00","2,962",01:40:34,2,"28,365","35,060","67,361","81,625","59,332",0.03%,0.02%,0.03%,--,0.18%,0.09%,6848,670,6115,0,10,50,3,18.76,"395,618","-1,527.00",-0.38%
"Milenio Torreon",mileniotorreon,http://www.facebook.com/387641760662,"796,645","321,138","55,166","183,448","307,259","147,343","454,602",68%,"293,760.00",58,00:50:10,1,"35,738","70,056","68,097","33,741","29,261",0.06%,0.04%,0.07%,0.02%,0.10%,0.00%,10942,670,9702,13,82,473,2,29.98,"121,606","9,893.00",8.86%
"Milenio Diario Jalisco",MilenioDiarioJalisco,http://www.facebook.com/158103737589705,"779,000","310,566","54,359","182,340","19,815","6,334","26,149",76%,"667,748.00","1,929",00:02:43,0,"36,719","50,260","74,133","28,035","42,588",0.04%,0.01%,0.05%,0.00%,0.07%,0.00%,8742,492,7686,101,7,455,1,23.95,"221,618","3,793.00",1.74%
"Architectural Digest Mexico",ADMexicoLatinoamerica,http://www.facebook.com/258529684091,"752,006","480,292","12,387","183,108","4,339,024","397,405","4,736,429",92%,"13,661.00","1,329",04:34:43,7,"63,625","7,787","1,991","2,521",295,0.01%,0.01%,0.01%,0.00%,0.03%,0.00%,8849,1062,7512,26,241,7,1,24.24,"999,999","32,650.00",3.38%
"El Sol de Tijuana",ElSoldeTijuana.OEM,http://www.facebook.com/289650544388752,"721,185","312,338","89,829","162,698","5,545,459","2,897,976","8,443,435",66%,"119,945.00","321,871",19:46:58,63,"22,206","49,287","32,147","22,269","30,411",0.05%,0.03%,0.05%,0.01%,0.16%,0.01%,20173,1983,16525,18,1464,181,2,55.27,"79,791","29,360.00",58.22%
"El Sol de México",elsoldemex,http://www.facebook.com/341931715916394,"684,120","249,531","53,171","224,731","3,558,529","1,839,062","5,397,591",66%,"48,930.00","178,600",25:18:40,50,"43,962","18,984","37,279","30,279","26,183",0.03%,0.02%,0.02%,0.01%,0.11%,0.00%,28004,2637,23203,31,1998,97,38,76.72,"102,356","20,312.00",24.76%
Mural.com,Mural,http://www.facebook.com/204931046208570,"677,600","199,203","88,323","167,590","9,214,355","644,195","9,858,550",93%,"40,505.00",0,01:59:14,4,"29,160","28,817","86,179","15,087","63,241",0.07%,0.06%,0.07%,0.01%,0.29%,0.03%,8046,4150,3571,11,158,87,69,22.04,"132,371","15,532.00",13.29%
SIPSE.com,sipsepuntocom,http://www.facebook.com/106996835994352,"663,437","181,068","33,317","289,872","132,221","189,818","322,039",41%,"108,920.00",495,00:22:26,0,"21,928","50,020","37,408","23,161","26,663",0.08%,0.02%,0.08%,0.03%,0.47%,0.01%,8338,233,7979,5,31,89,1,22.84,"98,789","9,456.00",10.59%
"Cultura Colectiva Viajes",culturacolectivaviajes,http://www.facebook.com/1595366344047690,"659,069","246,605","24,635","300,947","9,113,380","4,550,563","13,663,943",67%,"13,913.00",0,29:17:39,512,"65,910","15,359","2,079","2,955",579,0.02%,0.00%,0.00%,0.00%,0.06%,--,1607,19,959,3,621,5,0,4.40,"1,645,354","9,830.00",0.60%
"Periódico AM Irapuato",periodicoamirapuato,http://www.facebook.com/1431808590440283,"655,621","307,681","29,668","150,221","1,237,712","1,034,305","2,272,017",54%,"66,976.00","184,229",01:30:59,7,"10,393","60,056","19,268","37,869","40,465",0.12%,0.04%,0.11%,0.06%,0.35%,0.00%,12603,128,11917,3,445,109,1,34.53,"53,202","19,079.00",55.91%
"El Faro",elfaronet,http://www.facebook.com/136606419725742,"569,557","228,482","78,746","142,881","1,281,224","220,851","1,502,075",85%,"24,192.00","144,477",04:47:23,15,"13,406","15,505","42,591","13,165","34,781",0.02%,0.01%,0.02%,0.03%,0.02%,0.00%,8596,578,7706,5,281,19,7,23.55,"403,143","7,852.00",1.99%
"Revista moi",revistamoi,http://www.facebook.com/632728923450945,"509,797","290,868","24,181","118,843","3,885,055","905,677","4,790,732",81%,"106,881.00","247,286",02:42:39,4,"45,289","12,131","14,663","3,536",286,0.04%,0.09%,0.03%,--,0.08%,0.01%,3129,490,2331,0,271,35,2,8.57,"422,035","28,903.00",7.35%
"Milenio Monterrey",mileniomonterrey,http://www.facebook.com/171133289738,"427,762","133,085","35,956","105,854","13,196","4,481","17,677",75%,"244,912.00",0,00:04:53,0,"25,988","32,532","54,092","19,461","20,794",0.02%,0.00%,0.02%,0.00%,0.04%,--,15276,691,14139,5,11,430,0,41.85,"125,799","2,850.00",2.32%
"Cultura Colectiva Moda",culturacolectivamoda,http://www.facebook.com/1726936984239985,"409,518","212,658","9,386","109,740","5,831,807","2,040,368","7,872,175",74%,"3,748.00","107,331",16:42:02,315,"61,394","11,365","3,198","1,506",271,0.01%,0.00%,0.00%,0.00%,0.05%,--,4279,89,3816,27,336,11,0,11.72,"1,133,405","-14,826.00",-1.29%
"El Sol de Zacatecas",Solzac,http://www.facebook.com/240853109309773,"352,238","197,431","14,649","64,933","191,776","65,693","257,469",74%,"84,152.00","50,805",02:10:41,2,"17,722","23,587","11,821","13,462","8,633",0.02%,0.01%,0.02%,0.00%,0.03%,0.00%,15535,95,15023,33,234,136,14,42.56,"107,814","5,630.00",5.51%
"Conclusiones CNN",conclusionescnn,http://www.facebook.com/199632623398731,"314,556","138,537","34,795","84,886","58,145","41,814","99,959",58%,"49,026.00",0,00:03:24,0,"12,976","5,203","14,338","11,483","12,338",0.04%,0.04%,0.04%,0.01%,0.08%,--,815,22,780,1,5,7,0,2.23,"891,547","23,750.00",2.74%
"Cultura Colectiva Letras",culturacolectivaletras,http://www.facebook.com/941888425861383,"197,276","70,202","3,145","95,582","1,346,362","786,813","2,133,175",63%,529.00,0,08:00:03,148,"22,515","2,670",816,"2,260",86,0.03%,0.04%,0.01%,0.00%,0.15%,--,1570,66,1342,2,155,5,0,4.30,"468,113","3,043.00",0.65%
"El Sol de Durango",soldedurango,http://www.facebook.com/1084777511595699,"186,086","93,948","8,339","42,090","537,485","464,028","1,001,513",54%,"10,290.00","20,828",06:44:01,9,"6,540","14,797","4,921","10,446","5,005",0.03%,0.04%,0.03%,0.01%,0.09%,0.01%,13778,1337,11859,51,485,27,19,37.75,"51,105","15,474.00",43.43%
"Cultura Colectiva Tecnología",culturacolectivatecnologia,http://www.facebook.com/244180355934307,"172,036","29,351","3,709","124,903","1,508,476","1,052,686","2,561,162",59%,528.00,908,17:19:18,324,"4,719","4,205","1,076","3,759",314,0.02%,0.12%,0.00%,0.00%,0.06%,--,2084,105,1625,5,343,6,0,5.71,"483,368","12,937.00",2.75%
"Cultura Colectiva Video",culturacolectivavideo,http://www.facebook.com/1534904903484612,"157,993","35,482","10,687","71,973","2,508,450","4,532,129","7,040,579",36%,"79,567.00",0,69:16:20,"1,206","33,281","4,286","1,150",755,379,0.01%,0.00%,0.00%,0.00%,0.01%,--,1958,131,237,1,1395,194,0,5.36,"1,084,685","-8,816.00",-0.81%
"Milenio Hidalgo",MilenioHgo,http://www.facebook.com/151786458164965,"138,641","55,929","5,270","48,818","274,634","33,331","307,965",89%,"116,374.00",63,03:06:16,5,"6,291","7,238","7,035","4,151","3,909",0.05%,0.03%,0.06%,--,0.05%,0.00%,6974,766,5626,0,150,430,2,19.11,"39,098","6,436.00",19.70%
"CNN Dinero",cnndinero,http://www.facebook.com/193815757315863,"100,402","57,783","9,007","20,330","27,329","103,739","131,068",21%,797.00,0,00:15:20,2,"1,808","5,677","2,958","1,088","1,751",0.01%,--,0.01%,--,0.23%,--,2624,0,2619,0,3,2,0,7.19,"360,129",651.00,0.18%
"El Heraldo de Chiapas",OEMElHeraldoDeChiapas,http://www.facebook.com/1538465666463838,"94,006","33,875","3,911","42,861","186,682","211,458","398,140",47%,"4,555.00","23,492",03:51:03,7,917,"7,013","1,113","2,278","2,038",0.03%,0.01%,0.02%,0.01%,0.11%,0.01%,14987,517,13821,42,559,47,1,41.06,"24,661","7,583.00",44.40%
Holsum,Holsumpr,http://www.facebook.com/103366036373,"93,902","70,912","3,409","11,479","795,082","133,874","928,956",86%,125.00,0,00:41:24,0,"7,429",343,301,19,10,0.62%,0.71%,0.11%,--,0.57%,0.04%,196,107,4,0,83,1,1,0.54,"81,042","7,436.00",10.10%
"MV Noticias Veracruz",mvnoticiasveracruz,http://www.facebook.com/198733020559041,"76,032","20,711","8,153","34,019","1,956,685","582,506","2,539,191",77%,"83,649.00","69,333",13:46:17,63,"1,493","3,585","3,454","3,331","1,286",0.10%,0.12%,0.04%,0.03%,0.10%,0.00%,2109,857,139,2,979,131,1,5.78,"43,042","12,568.00",41.24%
"El Economista",eleconomista.net,http://www.facebook.com/121091684572369,"75,392","43,587","2,254","18,114","19,750","6,545","26,295",75%,0.00,"7,728",00:03:30,0,"2,691","4,244","2,229","1,120","1,153",0.00%,0.00%,0.00%,0.00%,0.00%,--,7353,1131,5587,580,55,0,0,20.15,"343,981","11,411.00",3.43%
"CNN Showbiz en Español",CNNEShowbiz,http://www.facebook.com/179106362125358,"47,146","27,680","2,483","4,783","13,273","4,619","17,892",74%,0.00,0,00:55:11,4,"4,177","2,735","1,097","3,749",442,0.01%,0.04%,0.01%,--,0.01%,--,2093,22,2039,0,32,0,0,5.73,"160,957","1,081.00",0.68%
"Revista Domingo",RevistaDomingo,http://www.facebook.com/123276508827,"41,820","12,012","1,989","16,994","197,768","332,026","529,794",37%,0.00,0,00:55:43,12,"1,725",209,970,"7,571",350,0.42%,0.17%,0.10%,0.04%,5.79%,--,269,51,203,1,14,0,0,0.74,"39,378","4,335.00",12.37%
"CNN Encuentro",cnnencuentro,http://www.facebook.com/195113273856041,"22,553","11,740","1,034","4,745","269,827","94,793","364,620",74%,"7,929.00",0,05:22:28,13,"1,762","1,396",372,"1,198",306,0.01%,0.02%,0.01%,--,0.01%,--,886,13,667,0,194,12,0,2.43,"258,889","-1,005.00",-0.39%
"Café CNN",cafecnn,http://www.facebook.com/168713913180012,"21,133","8,201","2,635","5,504",0,0,0,0%,575.00,0,00:00:00,0,619,"1,183","1,022",956,"1,013",0.01%,0.00%,0.01%,0.00%,--,--,1190,3,1185,1,0,1,0,3.26,"203,448",-530.00,-0.26%
"Clasificados Prensa Libre",ClasificadosPrensaLibre,http://www.facebook.com/1238498616183804,"17,625","13,514","1,121","2,289","13,836",442,"14,278",97%,0.00,"1,917",00:01:34,0,476,77,119,16,13,0.11%,0.12%,0.06%,--,0.02%,--,102,78,14,0,10,0,0,0.28,"174,673","25,970.00",17.46%
"Panorama Mundial CNN",panoramamundialcnn,http://www.facebook.com/132731453452776,"16,803","8,231","1,448","3,297","1,470",22,"1,492",99%,719.00,0,00:00:10,0,640,"1,211",458,871,647,0.01%,0.01%,0.01%,--,0.04%,--,747,1,743,0,1,2,0,2.05,"234,551","4,955.00",2.16%
"CNN Directo USA",CNNDUSA,http://www.facebook.com/171126609572411,"14,461","6,453","4,301","1,356","18,143","3,288","21,431",85%,"1,670.00",0,01:13:27,6,397,750,632,211,361,0.01%,0.01%,0.01%,--,0.01%,--,917,2,873,0,38,4,0,2.51,"130,188",-453.00,-0.35%
"CNN México Opina",cnnmexicoopina,http://www.facebook.com/114114715338741,"11,308","2,099",864,"6,002","33,917","130,831","164,748",21%,"1,191.00",0,00:18:46,1,"1,325",144,395,149,330,0.10%,0.04%,0.04%,0.17%,0.55%,0.02%,123,12,87,1,15,4,4,0.34,"93,216",270.00,0.29%
"verne México",vernemexico,http://www.facebook.com/224443741320228,"9,304","3,839",336,"3,299","2,986","7,039","10,025",30%,219.00,0,00:25:07,2,666,217,622,82,243,0.03%,0.05%,0.03%,--,0.04%,--,519,4,501,0,12,2,0,1.42,"52,307",946.00,1.84%
"Periódico a.m. Lagos de Moreno",periodicoamlagos,http://www.facebook.com/127805597325130,"8,955","3,901",429,"2,364","23,307","26,292","49,599",47%,"10,863.00",385,00:18:42,2,97,693,253,689,529,0.16%,0.15%,0.16%,0.06%,0.22%,0.01%,141,22,98,2,10,8,1,0.39,"40,810","2,801.00",7.37%
"Noticias Mexico",LasNoticiasMexico,http://www.facebook.com/257269514288447,"6,443","2,170",550,"2,034","87,781","10,421","98,202",89%,"10,799.00",29,00:43:39,6,146,239,900,65,339,0.00%,0.01%,0.00%,0.00%,0.05%,--,1171,453,37,626,23,32,0,3.21,"159,040","10,791.00",7.28%
"Instituto de Prensa-SIP",institutodeprensa,http://www.facebook.com/215790655136,"4,591","3,203",123,969,139,62,201,69%,0.00,0,00:01:25,0,60,99,11,67,59,0.18%,1.41%,0.10%,0.03%,0.14%,0.08%,328,24,279,16,3,0,6,0.90,"7,423",371.00,5.26%
"Revista Amiga Prensa Libre",revistaamigapl,http://www.facebook.com/103741689692648,"3,906","3,088",95,381,"3,913","8,160","12,073",32%,636.00,0,00:05:32,0,284,27,15,12,4,0.03%,0.06%,0.02%,--,0.06%,--,310,42,260,0,5,3,0,0.85,"42,809",795.00,1.89%
"Clix CNN",ClixCNN,http://www.facebook.com/160415532685,"2,316","1,486",76,550,"34,955","17,085","52,040",67%,"8,756.00",0,00:14:59,3,94,59,44,2,5,0.09%,0.07%,0.05%,--,0.11%,--,13,1,3,0,8,1,0,0.04,"198,549","-1,038.00",-0.52%
"El Siglo de México",,http://www.facebook.com/1870998949839678,"1,713",533,88,607,"20,280","4,922","25,202",80%,0.00,0,00:14:42,1,15,163,77,27,203,0.02%,0.01%,0.01%,--,0.08%,--,60,3,46,0,11,0,0,0.16,"128,172","-3,452.00",-2.62%
"CNN Choque de Opiniones",CNNChoque,http://www.facebook.com/164051310300490,177,46,107,19,"2,046",88,"2,134",96%,0.00,0,00:07:05,0,3,0,0,0,2,0.05%,0.07%,--,--,0.05%,--,7,1,0,0,6,0,0,0.02,"49,959",-257.00,-0.51%
"CNN en Marcha",cnnenmarcha,http://www.facebook.com/549278788565319,99,50,22,22,"1,065","18,884","19,949",5%,173.00,0,00:00:24,0,4,1,0,0,0,0.03%,0.04%,0.03%,--,0.06%,--,10,1,6,0,2,1,0,0.03,"27,087",54.00,0.20%
"CNN Español Red Room",cnneredroom,http://www.facebook.com/1065029540224107,3,3,0,0,106,0,106,100%,0.00,0,00:00:10,0,0,0,0,0,0,0.06%,--,--,--,0.06%,--,1,0,0,0,1,0,0,0.00,"5,107",714.00,16.25%
Esmas,esmas.oficial,http://www.facebook.com/415693197624,0,0,0,0,0,0,0,0%,0.00,0,00:00:00,0,0,0,0,0,0,--,--,--,--,--,--,"No posts in this timeframe",0,0,0,0,0,0,0,"313,855","-5,760.00",-1.80%
"Fuerza en Movimiento",FuerzaCNN,http://www.facebook.com/667721956669494,0,0,0,0,0,0,0,0%,0.00,0,00:00:00,0,0,0,0,0,0,--,--,--,--,--,--,"No posts in this timeframe",0,0,0,0,0,0,0,"22,594",-238.00,-1.04%
Average,,,"8,406,996","2,933,542","641,257","2,341,432","45,656,051","18,059,311","63,715,362",72%,"2,117,466","1,412,659",54:36:32,355.87,"478,666","388,602","866,884","265,989","490,625",0.06%,0.06%,0.04%,0.02%,0.23%,0.01%,"12,997.34","1,086.50","10,107.13",39.36,"1,547.37",0.00,21.28,35.61,"1,485,894","99,361",11.02%
